DEPTH,SAL,TEMP,TRACE1,SS1,AGE,DO,pH,DIC,POCL,DOCL,PO4,POPL,DOPL,PIP,NH4,NO3,PONL,DONL,PIN,SiO2,CHLOR,FDIAT,CYANO,CRYPT,MDIAT,IP_CHL,IP_FDI,IP_CYA,IP_CRY,IP_MDI,IN_CHL,IN_FDI,IN_CYA,IN_CRY,IN_MDI
0,0.05,4.4,0,2,0,12.80935429,7.82,21.84,0.26,2.5,0.005204225,0.000619717,0.002802275,0.000619717,0.01446,0.241,0.00964,0.02651,0.001,0.35775,0.0328,0.109333333,0.0328,0.153066667,0.765333333,0.0000328,5.47E-05,0.0000164,7.65E-05,0.000382667,0.00021,0.00032,0.0001,0.00045,0.00223
5,0.05,4.4,0,2,0,12.80935429,7.82,21.84,0.26,2.5,0.005204225,0.000619717,0.002802275,0.000619717,0.01446,0.241,0.00964,0.02651,0.001,0.35775,0.0328,0.109333333,0.0328,0.153066667,0.765333333,0.0000328,5.47E-05,0.0000164,7.65E-05,0.000382667,0.00021,0.00032,0.0001,0.00045,0.00223
10,0.05,4.4,0,2,0,12.80935429,7.82,21.84,0.26,2.5,0.005204225,0.000619717,0.002802275,0.000619717,0.01446,0.241,0.00964,0.02651,0.001,0.35775,0.0328,0.109333333,0.0328,0.153066667,0.765333333,0.0000328,5.47E-05,0.0000164,7.65E-05,0.000382667,0.00021,0.00032,0.0001,0.00045,0.00223
20,0.05,4.4,0,2,0,12.80935429,7.82,21.84,0.26,2.5,0.005204225,0.000619717,0.002802275,0.000619717,0.01446,0.241,0.00964,0.02651,0.001,0.35775,0.0328,0.109333333,0.0328,0.153066667,0.765333333,0.0000328,5.47E-05,0.0000164,7.65E-05,0.000382667,0.00021,0.00032,0.0001,0.00045,0.00223
30,0.05,4.4,0,2,0,12.80935429,7.82,21.84,0.26,2.5,0.005204225,0.000619717,0.002802275,0.000619717,0.01446,0.241,0.00964,0.02651,0.001,0.35775,0.0328,0.109333333,0.0328,0.153066667,0.765333333,0.0000328,5.47E-05,0.0000164,7.65E-05,0.000382667,0.00021,0.00032,0.0001,0.00045,0.00223
40,0.05,4.4,0,2,0,12.80935429,7.82,21.84,0.26,2.5,0.005204225,0.000619717,0.002802275,0.000619717,0.01446,0.241,0.00964,0.02651,0.001,0.35775,0.0328,0.109333333,0.0328,0.153066667,0.765333333,0.0000328,5.47E-05,0.0000164,7.65E-05,0.000382667,0.00021,0.00032,0.0001,0.00045,0.00223